,City,Lat,Lng,Max Temp,Humidity,Cloudiness,Wind Speed,Country,Date
0,Yellowknife,62.456,-114.3525,66.72,55,40,scattered clouds,CA,2021-08-13 02:51:41
1,Vila Franca Do Campo,37.7167,-25.4333,73.81,79,64,broken clouds,PT,2021-08-13 02:54:46
2,Nikolskoye,59.7035,30.7861,64.29,93,100,light rain,RU,2021-08-13 02:54:46
3,Jamestown,42.097,-79.2353,74.71,88,1,clear sky,US,2021-08-13 02:54:46
4,Kavieng,-2.5744,150.7967,81.64,78,100,light rain,PG,2021-08-13 02:54:47
5,Wanaka,-44.7,169.15,46.89,79,19,few clouds,NZ,2021-08-13 02:54:47
6,Vostok,46.4856,135.8833,74.46,36,9,clear sky,RU,2021-08-13 02:53:28
7,Uddevalla,58.3478,11.9424,63.05,97,100,overcast clouds,SE,2021-08-13 02:54:48
8,Iberia,29.9502,-91.7507,77.97,83,100,overcast clouds,US,2021-08-13 02:54:48
9,Butaritari,3.0707,172.7902,81.97,76,36,light rain,KI,2021-08-13 02:54:48
10,Hermanus,-34.4187,19.2345,51.91,76,11,few clouds,ZA,2021-08-13 02:54:49
11,Ilulissat,69.2167,-51.1,43.97,70,100,overcast clouds,GL,2021-08-13 02:54:49
12,Amot,59.5714,7.9877,52.5,96,100,overcast clouds,NO,2021-08-13 02:54:49
13,Busselton,-33.65,115.3333,59.04,72,96,light rain,AU,2021-08-13 02:54:50
14,Buala,-8.145,159.5921,76.46,91,100,moderate rain,SB,2021-08-13 02:54:50
15,New Norfolk,-42.7826,147.0587,57.7,63,94,overcast clouds,AU,2021-08-13 02:54:50
16,Saint-Philippe,-21.3585,55.7679,69.39,83,30,scattered clouds,RE,2021-08-13 02:54:51
17,Bansud,12.865,121.4564,86.65,67,85,overcast clouds,PH,2021-08-13 02:54:51
18,Saskylakh,71.9167,114.0833,46.6,74,100,overcast clouds,RU,2021-08-13 02:54:51
19,Ostrovnoy,68.0531,39.5131,61.34,70,100,overcast clouds,RU,2021-08-13 02:54:52
20,Cognac,45.5,-0.25,66.97,88,75,broken clouds,FR,2021-08-13 02:54:52
21,Ushuaia,-54.8,-68.3,44.26,76,75,light intensity drizzle,AR,2021-08-13 02:52:04
22,East London,-33.0153,27.9116,55.78,64,94,light rain,ZA,2021-08-13 02:54:53
23,Lebu,-37.6167,-73.65,46.27,83,0,clear sky,CL,2021-08-13 02:54:53
24,Sao Joao Da Barra,-21.6403,-41.0511,69.35,87,59,broken clouds,BR,2021-08-13 02:54:54
25,Vaini,-21.2,-175.2,73.56,78,40,scattered clouds,TO,2021-08-13 02:54:54
26,Rikitea,-23.1203,-134.9692,74.44,84,4,light rain,PF,2021-08-13 02:54:54
27,Carnarvon,-24.8667,113.6333,66.27,25,0,clear sky,AU,2021-08-13 02:54:55
28,Staszow,50.5631,21.1659,55.49,79,67,broken clouds,PL,2021-08-13 02:54:55
29,Meulaboh,4.1363,96.1285,80.42,80,99,overcast clouds,ID,2021-08-13 02:54:55
30,Hithadhoo,-0.6,73.0833,80.24,77,100,moderate rain,MV,2021-08-13 02:54:56
31,Provideniya,64.3833,-173.3,41.11,75,75,broken clouds,RU,2021-08-13 02:54:56
32,Volsk,52.0333,47.3833,75.74,27,39,scattered clouds,RU,2021-08-13 02:54:56
33,Mataura,-46.1927,168.8643,52.48,62,8,clear sky,NZ,2021-08-13 02:54:57
34,Calabozo,8.9242,-67.4293,74.52,92,97,overcast clouds,VE,2021-08-13 02:54:57
35,Omboue,-1.5746,9.2618,73.54,87,92,overcast clouds,GA,2021-08-13 02:54:57
36,Atuona,-9.8,-139.0333,77.79,71,55,broken clouds,PF,2021-08-13 02:54:58
37,Hasaki,35.7333,140.8333,73.8,93,100,overcast clouds,JP,2021-08-13 02:54:58
38,Hobart,-42.8794,147.3294,58.05,58,75,broken clouds,AU,2021-08-13 02:54:58
39,Rio Grande,-32.035,-52.0986,40.95,82,98,overcast clouds,BR,2021-08-13 02:54:57
40,Mauganj,24.6833,81.8833,83.71,72,77,broken clouds,IN,2021-08-13 02:54:59
41,Port Elizabeth,-33.918,25.5701,44.89,93,20,few clouds,ZA,2021-08-13 02:54:59
42,Sisimiut,66.9395,-53.6735,48.58,66,99,overcast clouds,GL,2021-08-13 02:55:00
43,Acapulco,16.8634,-99.8901,79.84,81,88,overcast clouds,MX,2021-08-13 02:55:00
44,Alofi,-19.0595,-169.9187,71.49,83,87,overcast clouds,NU,2021-08-13 02:55:01
45,Kysyl-Syr,63.8986,122.7617,78.28,38,58,broken clouds,RU,2021-08-13 02:55:01
46,Dikson,73.5069,80.5464,44.53,99,99,overcast clouds,RU,2021-08-13 02:55:01
47,Hilo,19.7297,-155.09,82.13,72,40,scattered clouds,US,2021-08-13 02:55:02
48,Lagoa,39.05,-27.9833,72.86,82,4,clear sky,PT,2021-08-13 02:55:03
49,Lorengau,-2.0226,147.2712,82.04,78,100,overcast clouds,PG,2021-08-13 02:55:03
50,Kavos,38.8268,22.8322,80.98,55,0,clear sky,GR,2021-08-13 02:55:04
51,Benghazi,32.1167,20.0667,81.01,73,0,clear sky,LY,2021-08-13 02:55:04
52,Tuatapere,-46.1333,167.6833,52.83,65,29,scattered clouds,NZ,2021-08-13 02:55:04
53,Punta Arenas,-53.15,-70.9167,46.09,80,96,overcast clouds,CL,2021-08-13 02:53:33
54,Longyearbyen,78.2186,15.6401,40.84,93,90,light rain,SJ,2021-08-13 02:55:05
55,Coquimbo,-29.9533,-71.3436,49.73,81,90,overcast clouds,CL,2021-08-13 02:55:05
56,Sam Chuk,14.7576,100.0899,90.37,55,100,light rain,TH,2021-08-13 02:55:06
57,Mangai,-4.05,19.5333,73.4,76,91,light rain,CD,2021-08-13 02:55:06
58,Grand Forks,47.9417,-97.4337,62.53,51,20,few clouds,US,2021-08-13 02:55:07
59,Bredasdorp,-34.5322,20.0403,43.92,87,85,overcast clouds,ZA,2021-08-13 02:55:07
60,Tasiilaq,65.6145,-37.6368,40.86,70,100,overcast clouds,GL,2021-08-13 02:55:07
61,Tigil,57.8,158.6667,69.51,62,17,few clouds,RU,2021-08-13 02:55:08
62,Esperance,-33.8667,121.9,58.84,56,3,clear sky,AU,2021-08-13 02:55:08
63,Avallon,47.4833,3.9,65.75,93,66,broken clouds,FR,2021-08-13 02:55:09
64,Khatanga,71.9667,102.5,51.89,68,100,overcast clouds,RU,2021-08-13 02:55:09
65,Tabuk,17.4189,121.4443,80.74,74,100,light rain,PH,2021-08-13 02:55:10
66,Srednekolymsk,67.45,153.6833,71.19,57,100,light rain,RU,2021-08-13 02:55:10
67,Mao,39.8885,4.2658,75.76,88,0,clear sky,ES,2021-08-13 02:55:10
68,Richards Bay,-28.783,32.0377,61.21,67,100,light rain,ZA,2021-08-13 02:55:11
69,Barrow,71.2906,-156.7887,33.66,81,100,overcast clouds,US,2021-08-13 02:53:38
70,Flinders,-34.5833,150.8552,67.17,47,0,clear sky,AU,2021-08-13 02:55:11
71,Kapaa,22.0752,-159.319,84.52,67,40,scattered clouds,US,2021-08-13 02:52:56
72,Saint George,37.1041,-113.5841,91.99,27,20,few clouds,US,2021-08-13 02:53:01
73,Kisangani,0.5167,25.2,69.28,99,99,moderate rain,CD,2021-08-13 02:55:12
74,Veraval,20.9,70.3667,81.23,81,100,overcast clouds,IN,2021-08-13 02:55:12
75,Abha,18.2164,42.5053,64.22,72,0,clear sky,SA,2021-08-13 02:55:13
76,Namibe,-15.1961,12.1522,60.8,88,0,clear sky,AO,2021-08-13 02:55:06
77,Tuktoyaktuk,69.4541,-133.0374,46.4,93,90,light intensity shower rain,CA,2021-08-13 02:55:13
78,Georgetown,5.4112,100.3354,85.89,75,20,few clouds,MY,2021-08-13 02:54:16
79,Fairbanks,64.8378,-147.7164,59.34,86,90,light intensity shower rain,US,2021-08-13 02:51:31
80,Cakovec,46.3844,16.4339,65.57,99,47,scattered clouds,HR,2021-08-13 02:55:14
81,Rawson,-43.3002,-65.1023,51.82,33,0,clear sky,AR,2021-08-13 02:50:51
82,Ossora,59.2353,163.0719,65.79,59,8,clear sky,RU,2021-08-13 02:55:14
83,Haines Junction,60.7522,-137.5108,60.75,67,100,light rain,CA,2021-08-13 02:55:15
84,Cherskiy,68.75,161.3,58.66,79,100,overcast clouds,RU,2021-08-13 02:55:15
85,Luderitz,-26.6481,15.1594,51.58,71,0,clear sky,NA,2021-08-13 02:55:16
86,Kaabong,3.4836,34.1492,63.59,70,20,few clouds,UG,2021-08-13 02:55:16
87,Thompson,55.7435,-97.8558,51.96,66,90,overcast clouds,CA,2021-08-13 02:55:16
88,High Level,58.5169,-117.136,71.71,53,75,broken clouds,CA,2021-08-13 02:55:17
89,Metro,-5.1131,105.3067,85.41,57,48,scattered clouds,ID,2021-08-13 02:55:17
90,Yerbogachen,61.2767,108.0108,78.1,43,97,overcast clouds,RU,2021-08-13 02:55:17
91,Shakawe,-18.3667,21.85,56.05,30,0,clear sky,BW,2021-08-13 02:55:18
92,Ribeira Grande,38.5167,-28.7,73.47,86,47,scattered clouds,PT,2021-08-13 02:55:18
93,Ewa Beach,21.3156,-158.0072,85.37,60,40,scattered clouds,US,2021-08-13 02:51:55
94,Faanui,-16.4833,-151.75,79.11,69,9,clear sky,PF,2021-08-13 02:55:18
95,Jardim,-21.4803,-56.1381,55.53,69,71,broken clouds,BR,2021-08-13 02:55:19
96,Nisia Floresta,-6.0911,-35.2086,75.58,90,0,clear sky,BR,2021-08-13 02:55:19
97,San Policarpo,12.1791,125.5072,85.01,65,100,light rain,PH,2021-08-13 02:55:20
98,Chardara,41.2547,67.9692,77.5,39,30,scattered clouds,KZ,2021-08-13 02:55:20
99,Geraldton,-28.7667,114.6,61.21,55,0,clear sky,AU,2021-08-13 02:55:20
100,Aliwal North,-30.6937,26.7114,38.01,72,6,clear sky,ZA,2021-08-13 02:55:21
101,Avarua,-21.2078,-159.775,64.45,94,75,heavy intensity rain,CK,2021-08-13 02:55:21
102,Castro,-24.7911,-50.0119,47.71,98,100,overcast clouds,BR,2021-08-13 02:55:22
103,Iqaluit,63.7506,-68.5145,40.73,100,90,light intensity drizzle,CA,2021-08-13 02:55:22
104,Chokurdakh,70.6333,147.9167,61.86,62,91,overcast clouds,RU,2021-08-13 02:55:22
105,Lensk,60.7253,114.9278,81.77,48,52,broken clouds,RU,2021-08-13 02:55:23
106,Yenagoa,4.9247,6.2642,72.48,92,76,broken clouds,NG,2021-08-13 02:55:23
107,Dano,11.15,-3.0667,72.16,94,100,light rain,BF,2021-08-13 02:55:23
108,Zambezi,-13.5432,23.1047,51.76,31,0,clear sky,ZM,2021-08-13 02:55:24
109,Cape Town,-33.9258,18.4232,52.12,76,0,clear sky,ZA,2021-08-13 02:54:31
110,Grants,35.1473,-107.8514,68.23,56,90,light rain,US,2021-08-13 02:55:24
111,Bluff,-46.6,168.3333,52.81,74,13,few clouds,NZ,2021-08-13 02:55:25
112,Albany,42.6001,-73.9662,74.16,94,88,overcast clouds,US,2021-08-13 02:55:25
113,Araquari,-26.3703,-48.7211,56.37,96,100,heavy intensity rain,BR,2021-08-13 02:55:25
114,Cabo San Lucas,22.8909,-109.9124,84.51,78,100,overcast clouds,MX,2021-08-13 02:53:26
115,Broome,42.2506,-75.833,74.68,95,91,overcast clouds,US,2021-08-13 02:55:26
116,Atar,20.5169,-13.0499,91.53,15,72,broken clouds,MR,2021-08-13 02:55:27
117,Kathmandu,27.7167,85.3167,75.42,88,75,broken clouds,NP,2021-08-13 02:55:27
118,Cidreira,-30.1811,-50.2056,56.32,81,100,overcast clouds,BR,2021-08-13 02:55:27
119,Petropavlovsk-Kamchatskiy,53.0452,158.6483,66.79,56,20,few clouds,RU,2021-08-13 02:55:28
120,Bairiki,1.3292,172.9752,86.0,70,20,few clouds,KI,2021-08-13 02:55:28
121,Shingu,33.7333,135.9833,79.92,92,100,heavy intensity rain,JP,2021-08-13 02:55:29
122,Upernavik,72.7868,-56.1549,42.96,87,100,overcast clouds,GL,2021-08-13 02:55:29
123,Talaya,61.3833,152.75,79.95,36,15,few clouds,RU,2021-08-13 02:55:29
124,Qaanaaq,77.484,-69.3632,36.05,70,15,few clouds,GL,2021-08-13 02:55:30
125,Kahului,20.8947,-156.47,85.26,73,24,few clouds,US,2021-08-13 02:55:30
126,Komsomolskiy,40.4272,71.7189,81.32,28,77,broken clouds,UZ,2021-08-13 02:52:49
127,San Juan,-31.5375,-68.5364,50.94,39,0,clear sky,AR,2021-08-13 02:53:06
128,Waingapu,-9.6567,120.2641,87.31,59,7,clear sky,ID,2021-08-13 02:55:31
129,Praia,14.9215,-23.5087,75.74,78,20,few clouds,CV,2021-08-13 02:55:31
130,Falmouth,50.1544,-5.0711,59.9,100,100,overcast clouds,GB,2021-08-13 02:55:31
131,Ahipara,-35.1667,173.1667,57.18,91,100,overcast clouds,NZ,2021-08-13 02:55:32
132,Nuuk,64.1835,-51.7216,46.9,76,88,overcast clouds,GL,2021-08-13 02:55:32
133,Port Lincoln,-34.7333,135.8667,60.19,65,14,few clouds,AU,2021-08-13 02:55:32
134,Aklavik,68.2191,-135.0107,52.63,89,100,overcast clouds,CA,2021-08-13 02:55:33
135,Taian,36.1853,117.12,79.03,69,100,overcast clouds,CN,2021-08-13 02:55:33
136,Kulhudhuffushi,6.6221,73.07,82.71,73,100,overcast clouds,MV,2021-08-13 02:55:34
137,Alta Floresta,-9.8756,-56.0861,73.47,35,71,broken clouds,BR,2021-08-13 02:55:34
138,Comodoro Rivadavia,-45.8667,-67.5,60.66,27,0,clear sky,AR,2021-08-13 02:55:34
139,Ulaanbaatar,47.9077,106.8832,66.33,55,40,scattered clouds,MN,2021-08-13 02:52:28
140,Coahuayana,18.7333,-103.6833,78.21,87,49,scattered clouds,MX,2021-08-13 02:55:35
141,Qasigiannguit,68.8193,-51.1922,45.12,68,100,overcast clouds,GL,2021-08-13 02:55:35
142,Tezu,27.9167,96.1667,75.54,100,100,overcast clouds,IN,2021-08-13 02:55:36
143,Namatanai,-3.6667,152.4333,83.88,71,100,overcast clouds,PG,2021-08-13 02:55:36
144,Teguldet,57.3064,88.1667,52.47,98,100,overcast clouds,RU,2021-08-13 02:55:36
145,Naze,28.3667,129.4833,83.32,82,97,overcast clouds,JP,2021-08-13 02:55:37
146,Pisco,-13.7,-76.2167,60.85,82,0,clear sky,PE,2021-08-13 02:55:37
147,Prince Rupert,54.3161,-130.3201,73.49,77,1,clear sky,CA,2021-08-13 02:55:37
148,Karratha,-20.7377,116.8463,78.06,21,0,clear sky,AU,2021-08-13 02:55:38
149,Victoria,22.2855,114.1577,87.76,89,94,moderate rain,HK,2021-08-13 02:54:07
150,Kavaratti,10.5669,72.642,81.75,78,100,overcast clouds,IN,2021-08-13 02:55:38
151,Kodiak,57.79,-152.4072,53.87,81,82,broken clouds,US,2021-08-13 02:54:33
152,La Macarena,2.1837,-73.7849,70.7,97,97,light rain,CO,2021-08-13 02:55:39
153,Tandil,-37.3217,-59.1332,35.31,80,0,clear sky,AR,2021-08-13 02:51:28
154,Vuktyl,63.8567,57.3094,61.05,70,96,overcast clouds,RU,2021-08-13 02:55:39
155,Yar-Sale,66.8333,70.8333,60.19,69,100,overcast clouds,RU,2021-08-13 02:55:40
156,Aksarayskiy,46.7924,48.0119,76.95,45,100,overcast clouds,RU,2021-08-13 02:55:40
157,Urubicha,-15.3833,-62.95,62.83,61,7,clear sky,BO,2021-08-13 02:55:41
158,Kuala Lipis,4.1842,102.0468,87.4,58,58,broken clouds,MY,2021-08-13 02:55:41
159,Arawa,-6.2132,155.5367,85.57,66,52,light rain,PG,2021-08-13 02:55:41
160,Tiarei,-17.5333,-149.3333,82.42,78,13,light rain,PF,2021-08-13 02:55:42
161,Porto Novo,6.4965,2.6036,78.62,91,100,overcast clouds,BJ,2021-08-13 02:55:42
162,Gopalpur,19.2667,84.9167,87.51,67,100,overcast clouds,IN,2021-08-13 02:55:42
163,Carsamba,41.1989,36.7219,68.31,84,63,broken clouds,TR,2021-08-13 02:55:43
164,San Borja,-14.8167,-66.85,63.97,56,15,few clouds,BO,2021-08-13 02:55:43
165,Puerto Ayora,-0.7393,-90.3518,69.55,84,12,few clouds,EC,2021-08-13 02:55:43
166,Port Alfred,-33.5906,26.891,53.26,67,68,light rain,ZA,2021-08-13 02:54:12
167,Van,38.4924,43.3831,67.68,41,38,scattered clouds,TR,2021-08-13 02:55:44
168,Neiafu,-18.65,-173.9833,74.08,83,75,light intensity shower rain,TO,2021-08-13 02:55:44
169,Krasnoselkup,65.7,82.4667,58.51,57,97,overcast clouds,RU,2021-08-13 02:55:45
170,Dillon,34.4166,-79.3712,83.48,76,4,clear sky,US,2021-08-13 02:52:05
171,Hofn,64.2539,-15.2082,53.33,86,100,overcast clouds,IS,2021-08-13 02:55:45
172,Hobyo,5.3505,48.5268,76.05,87,55,broken clouds,SO,2021-08-13 02:55:45
173,Sao Filipe,14.8961,-24.4956,75.49,79,17,few clouds,CV,2021-08-13 02:55:46
174,Souillac,-20.5167,57.5167,71.98,83,40,scattered clouds,MU,2021-08-13 02:55:46
175,Mahebourg,-20.4081,57.7,71.89,83,40,scattered clouds,MU,2021-08-13 02:55:09
176,Port Blair,11.6667,92.75,83.37,76,100,heavy intensity rain,IN,2021-08-13 02:55:47
177,Kabelvag,68.2114,14.4817,54.54,93,100,overcast clouds,NO,2021-08-13 02:55:47
178,Hamilton,39.1834,-84.5333,82.04,78,90,overcast clouds,US,2021-08-13 02:53:05
179,Nenjiang,49.1833,125.2167,70.68,73,65,broken clouds,CN,2021-08-13 02:55:47
180,Chuy,-33.6971,-53.4616,43.48,87,0,clear sky,UY,2021-08-13 02:55:48
181,Russell,32.3502,-85.1999,74.91,83,1,clear sky,US,2021-08-13 02:55:48
182,Turukhansk,65.8167,87.9833,57.45,52,0,clear sky,RU,2021-08-13 02:55:48
183,Hay River,60.8156,-115.7999,66.18,55,75,broken clouds,CA,2021-08-13 02:52:34
184,Tongliao,43.6125,122.2653,71.56,67,96,overcast clouds,CN,2021-08-13 02:55:49
185,Korla,41.7597,86.1469,87.98,22,85,overcast clouds,CN,2021-08-13 02:55:49
186,Tabou,4.423,-7.3528,76.68,78,100,overcast clouds,CI,2021-08-13 02:55:50
187,Sultanpur,26.2667,82.0667,79.14,87,100,overcast clouds,IN,2021-08-13 02:55:50
188,Bethel,41.3712,-73.414,80.65,81,5,clear sky,US,2021-08-13 02:55:50
189,Isiro,2.7739,27.616,65.98,99,99,light rain,CD,2021-08-13 02:55:51
190,Mamit,23.9333,92.4833,76.84,82,100,overcast clouds,IN,2021-08-13 02:55:51
191,Bathsheba,13.2167,-59.5167,79.41,89,40,scattered clouds,BB,2021-08-13 02:55:51
192,Bambous Virieux,-20.3428,57.7575,71.85,83,40,scattered clouds,MU,2021-08-13 02:55:52
193,Chapada Dos Guimaraes,-15.4606,-55.7497,62.26,55,3,clear sky,BR,2021-08-13 02:55:52
194,Aksu,41.1231,80.2644,81.93,31,16,few clouds,CN,2021-08-13 02:51:57
195,Suntar,62.1444,117.6319,78.31,52,60,broken clouds,RU,2021-08-13 02:55:53
196,Cervo,43.6702,-7.4101,60.19,92,38,scattered clouds,ES,2021-08-13 02:55:53
197,Stokmarknes,68.5646,14.9108,55.38,94,100,overcast clouds,NO,2021-08-13 02:55:53
198,Tiksi,71.6872,128.8694,46.42,78,98,overcast clouds,RU,2021-08-13 02:55:54
199,Salym,60.0625,71.4789,61.56,60,78,broken clouds,RU,2021-08-13 02:55:54
200,Tessalit,20.1986,1.0114,83.98,53,10,clear sky,ML,2021-08-13 02:55:55
201,Marquette,46.5333,-87.6335,65.77,65,0,clear sky,US,2021-08-13 02:53:08
202,Sokolo,14.7328,-6.1219,81.93,68,98,overcast clouds,ML,2021-08-13 02:55:55
203,Kabompo,-13.5927,24.2008,51.3,34,0,clear sky,ZM,2021-08-13 02:55:55
204,Muravlenko,63.7898,74.523,62.24,57,91,overcast clouds,RU,2021-08-13 02:55:56
205,Chapais,49.7834,-74.8492,64.18,61,51,broken clouds,CA,2021-08-13 02:55:56
206,Portland,45.5234,-122.6762,100.44,39,75,smoke,US,2021-08-13 02:52:53
207,Atbasar,51.8,68.3333,58.05,60,7,clear sky,KZ,2021-08-13 02:55:57
208,Sistranda,63.7256,8.834,60.91,87,100,light rain,NO,2021-08-13 02:55:57
209,Kuching,1.55,110.3333,80.82,83,20,few clouds,MY,2021-08-13 02:55:57
210,Acarau,-2.8856,-40.12,78.58,82,6,clear sky,BR,2021-08-13 02:55:58
211,Harlingen,26.1906,-97.6961,86.34,91,10,clear sky,US,2021-08-13 02:53:01
212,Nadvoitsy,63.8667,34.3167,58.12,81,100,moderate rain,RU,2021-08-13 02:55:58
213,Mweka,-4.85,21.5667,67.78,84,13,few clouds,CD,2021-08-13 02:55:59
214,Severo-Kurilsk,50.6789,156.125,57.56,68,2,clear sky,RU,2021-08-13 02:55:59
215,Kashi,39.4547,75.9797,79.81,25,20,few clouds,CN,2021-08-13 02:55:59
216,Kununurra,-15.7667,128.7333,87.78,22,1,clear sky,AU,2021-08-13 02:56:00
217,Betare Oya,5.6,14.0833,64.33,98,94,overcast clouds,CM,2021-08-13 02:56:00
218,Arcata,40.8665,-124.0828,63.19,74,37,scattered clouds,US,2021-08-13 02:54:39
219,Rock Sound,24.9,-76.2,83.91,75,11,few clouds,BS,2021-08-13 02:56:02
220,Garden City,42.3256,-83.331,80.42,82,99,overcast clouds,US,2021-08-13 02:54:49
221,Lasa,46.6166,10.7002,65.03,79,75,broken clouds,IT,2021-08-13 02:56:03
222,Tecoanapa,16.5167,-98.75,80.19,79,100,overcast clouds,MX,2021-08-13 02:56:03
223,Trincomalee,8.5711,81.2335,81.59,76,100,overcast clouds,LK,2021-08-13 02:56:03
224,Amapa,1.0,-52.0,69.75,100,100,overcast clouds,BR,2021-08-13 02:56:04
225,Mar Del Plata,-38.0023,-57.5575,39.22,93,0,mist,AR,2021-08-13 02:56:04
226,Isangel,-19.55,169.2667,77.11,61,40,haze,VU,2021-08-13 02:56:04
227,Manokwari,-0.8667,134.0833,83.86,67,13,few clouds,ID,2021-08-13 02:56:05
228,San Luis,-33.295,-66.3356,46.56,44,0,clear sky,AR,2021-08-13 02:56:05
229,Darhan,49.4867,105.9228,70.21,66,7,clear sky,MN,2021-08-13 02:56:05
230,Norman Wells,65.282,-126.8329,68.04,56,90,overcast clouds,CA,2021-08-13 02:56:06
231,Rincon,32.296,-81.2354,83.86,93,46,scattered clouds,US,2021-08-13 02:56:06
232,Kamina,-8.7386,24.9906,62.15,29,3,clear sky,CD,2021-08-13 02:51:18
233,Ngunguru,-35.6167,174.5,60.17,82,100,light rain,NZ,2021-08-13 02:56:07
234,General Roca,-39.0333,-67.5833,48.6,42,0,clear sky,AR,2021-08-13 02:56:07
235,Sibolga,1.7427,98.7792,84.79,66,93,overcast clouds,ID,2021-08-13 02:56:07
236,Bosaso,11.2842,49.1816,89.22,41,100,overcast clouds,SO,2021-08-13 02:56:08
237,Gunjur,13.2019,-16.7339,78.87,94,20,few clouds,GM,2021-08-13 02:56:08
238,Palmer,42.1584,-72.3287,75.2,81,28,scattered clouds,US,2021-08-13 02:56:08
239,Ostersund,63.1792,14.6357,54.05,94,26,scattered clouds,SE,2021-08-13 02:56:09
240,Burnie,-41.0667,145.9167,55.08,72,44,scattered clouds,AU,2021-08-13 02:56:09
241,Surgut,61.25,73.4167,60.98,72,0,clear sky,RU,2021-08-13 02:56:09
242,Camacha,33.0833,-16.3333,68.76,73,40,scattered clouds,PT,2021-08-13 02:56:10
243,Necochea,-38.5473,-58.7368,39.04,75,0,clear sky,AR,2021-08-13 02:56:10
244,Bizhbulyak,53.6967,54.2642,61.66,36,0,clear sky,RU,2021-08-13 02:56:11
245,Saint-Pierre,-21.3393,55.4781,69.48,66,0,clear sky,RE,2021-08-13 02:56:11
246,Grindavik,63.8424,-22.4338,52.27,93,0,clear sky,IS,2021-08-13 02:56:11
247,Kruisfontein,-34.0033,24.7314,49.06,75,89,overcast clouds,ZA,2021-08-13 02:56:12
248,Pachino,36.7186,15.0907,77.04,59,0,clear sky,IT,2021-08-13 02:56:12
249,Vila Velha,-20.3297,-40.2925,69.75,88,75,broken clouds,BR,2021-08-13 02:56:13
250,Sebring,27.4956,-81.4409,80.55,89,1,clear sky,US,2021-08-13 02:56:13
251,Tveit,58.2337,8.122,62.37,92,75,broken clouds,NO,2021-08-13 02:56:13
252,Russkiy Kameshkir,52.8589,46.0892,71.13,37,72,broken clouds,RU,2021-08-13 02:56:14
253,Markala,13.7021,-6.0659,80.04,71,98,overcast clouds,ML,2021-08-13 02:56:14
254,Labuhan,-6.8844,112.2051,86.52,59,90,overcast clouds,ID,2021-08-13 02:56:14
255,Lata,40.1629,-8.3327,63.01,89,8,clear sky,PT,2021-08-13 02:56:15
256,Mayya,61.7333,130.2811,70.92,40,3,clear sky,RU,2021-08-13 02:56:15
257,Kaitangata,-46.2817,169.8464,53.2,63,5,clear sky,NZ,2021-08-13 02:56:15
258,Muros,42.7762,-9.0603,65.23,90,4,clear sky,ES,2021-08-13 02:56:16
259,Sept-Iles,50.2001,-66.3821,66.06,97,90,mist,CA,2021-08-13 02:56:02
260,Tazovskiy,67.4667,78.7,58.98,68,100,overcast clouds,RU,2021-08-13 02:56:16
261,Port Hardy,50.6996,-127.4199,77.18,57,20,few clouds,CA,2021-08-13 02:56:17
262,San Patricio,28.017,-97.5169,86.09,69,40,scattered clouds,US,2021-08-13 02:53:01
263,Beringovskiy,63.05,179.3167,51.03,74,82,broken clouds,RU,2021-08-13 02:56:17
264,Teahupoo,-17.8333,-149.2667,76.96,77,21,few clouds,PF,2021-08-13 02:56:18
265,Anito,12.4497,125.2886,86.9,62,98,heavy intensity rain,PH,2021-08-13 02:56:18
266,Alice Springs,-23.7,133.8833,62.15,23,0,clear sky,AU,2021-08-13 02:55:57
267,Ansalta,42.6894,46.1178,64.42,64,1,clear sky,RU,2021-08-13 02:56:18
268,Bara,10.3744,10.7288,69.91,98,100,overcast clouds,NG,2021-08-13 02:56:19
269,Rajpipla,21.8667,73.5,82.33,75,100,overcast clouds,IN,2021-08-13 02:56:19
270,Zhoucheng,35.9122,116.3117,77.94,78,100,overcast clouds,CN,2021-08-13 02:56:20
271,Pringsewu,-5.3582,104.9744,87.87,50,47,scattered clouds,ID,2021-08-13 02:56:20
272,Lincoln,40.8,-96.667,78.24,64,100,overcast clouds,US,2021-08-13 02:56:20
273,Bukachacha,52.9833,116.9167,63.34,66,100,overcast clouds,RU,2021-08-13 02:56:21
274,Varnavino,57.4035,45.0916,69.3,59,100,light rain,RU,2021-08-13 02:56:21
275,Pochutla,15.7432,-96.4661,79.83,92,97,overcast clouds,MX,2021-08-13 02:56:21
276,Esil,51.9556,66.4042,58.19,59,10,clear sky,KZ,2021-08-13 02:56:22
277,Meadow Lake,34.8014,-106.5436,77.31,73,30,scattered clouds,US,2021-08-13 02:56:22
278,Saint Anthony,45.0205,-93.218,71.71,50,1,clear sky,US,2021-08-13 02:56:22
279,Moron,-34.6534,-58.6198,48.97,89,8,clear sky,AR,2021-08-13 02:56:23
280,Dingle,10.9995,122.6711,88.27,62,43,light rain,PH,2021-08-13 02:56:23
281,Nadym,65.5333,72.5167,63.84,57,100,overcast clouds,RU,2021-08-13 02:56:23
282,Asyut,27.181,31.1837,83.43,30,0,clear sky,EG,2021-08-13 02:56:24
283,Angoram,-4.0625,144.0661,92.43,51,73,broken clouds,PG,2021-08-13 02:56:24
284,Pouebo,-20.4,164.5667,74.7,52,39,scattered clouds,NC,2021-08-13 02:56:24
285,Roma,43.2128,-75.4557,75.9,91,79,broken clouds,US,2021-08-13 02:56:25
286,Minab,27.1467,57.0801,90.9,67,54,broken clouds,IR,2021-08-13 02:56:25
287,El Espino,8.8394,-79.85,77.92,92,100,overcast clouds,PA,2021-08-13 02:56:26
288,Hongjiang,27.11,109.9956,89.08,60,100,light rain,CN,2021-08-13 02:56:26
289,Brae,60.3964,-1.353,55.31,91,65,broken clouds,GB,2021-08-13 02:56:09
290,Saryg-Sep,51.5,95.6,74.55,42,1,clear sky,RU,2021-08-13 02:56:26
291,Pilar,-9.5972,-35.9567,71.53,92,53,broken clouds,BR,2021-08-13 02:56:27
292,Terney,45.0503,136.6092,69.03,53,44,scattered clouds,RU,2021-08-13 02:56:27
293,Maniitsoq,65.4167,-52.9,46.35,77,93,overcast clouds,GL,2021-08-13 02:56:28
294,Eenhana,-17.4667,16.3333,58.75,31,0,clear sky,NA,2021-08-13 02:56:28
295,Antofagasta,-23.65,-70.4,56.48,77,40,scattered clouds,CL,2021-08-13 02:52:14
296,Chernyshevskiy,63.0128,112.4714,75.96,44,76,broken clouds,RU,2021-08-13 02:56:29
297,Cabra,37.4725,-4.4421,88.39,35,38,scattered clouds,ES,2021-08-13 02:56:29
298,Bajah,13.8141,44.6301,76.93,69,100,overcast clouds,YE,2021-08-13 02:56:29
299,Biltine,14.5333,20.9167,77.79,80,56,broken clouds,TD,2021-08-13 02:56:30
300,Guerrero Negro,27.9769,-114.0611,79.09,76,7,clear sky,MX,2021-08-13 02:56:30
301,Jacareacanga,-6.2222,-57.7528,82.06,38,97,overcast clouds,BR,2021-08-13 02:56:30
302,Anadyr,64.75,177.4833,50.5,71,0,clear sky,RU,2021-08-13 02:56:31
303,Kawalu,-7.3817,108.2082,77.07,82,97,overcast clouds,ID,2021-08-13 02:56:31
304,El Tigre,8.8875,-64.2454,75.02,88,100,overcast clouds,VE,2021-08-13 02:52:33
305,Boyolangu,-8.1181,111.8935,80.58,77,87,overcast clouds,ID,2021-08-13 02:56:32
306,Cockburn Town,21.4612,-71.1419,82.87,78,100,overcast clouds,TC,2021-08-13 02:56:32
307,Port Hedland,-20.3167,118.5667,82.45,15,0,clear sky,AU,2021-08-13 02:54:29
308,Barroquinha,-3.0189,-41.1361,76.86,79,18,few clouds,BR,2021-08-13 02:56:32
309,Lagoa Santa,-19.6272,-43.8897,65.37,68,0,clear sky,BR,2021-08-13 02:56:33
310,Varzea Grande,-15.6467,-56.1325,69.67,60,0,clear sky,BR,2021-08-13 02:56:33
311,Saurimo,-9.6608,20.3916,58.3,25,1,clear sky,AO,2021-08-13 02:56:33
312,Yulara,-25.2406,130.9889,62.44,27,0,clear sky,AU,2021-08-13 02:56:34
313,Sinnamary,5.3833,-52.95,78.73,87,100,overcast clouds,GF,2021-08-13 02:56:34
314,Sartell,45.6216,-94.2069,66.2,55,3,clear sky,US,2021-08-13 02:55:50
315,Arraial Do Cabo,-22.9661,-42.0278,68.85,84,100,overcast clouds,BR,2021-08-13 02:56:35
316,Kajaani,64.2273,27.7285,44.65,93,82,fog,FI,2021-08-13 02:56:35
317,Visby,57.6409,18.296,59.77,94,32,scattered clouds,SE,2021-08-13 02:56:35
318,Cururupu,-1.8283,-44.8683,76.39,95,99,overcast clouds,BR,2021-08-13 02:56:36
319,Santa Cruz,-17.8,-63.1667,63.86,34,75,broken clouds,BO,2021-08-13 02:56:36
320,Riyadh,24.6877,46.7219,86.14,14,16,few clouds,SA,2021-08-13 02:55:39
321,Kloulklubed,7.0419,134.2556,86.5,69,8,clear sky,PW,2021-08-13 02:56:37
322,Frontignan,43.4485,3.754,75.99,57,66,broken clouds,FR,2021-08-13 02:56:37
323,Coihaique,-45.5752,-72.0662,44.55,76,0,clear sky,CL,2021-08-13 02:56:37
324,Warmbad,-28.45,18.7333,41.54,77,3,clear sky,NA,2021-08-13 02:56:38
325,Reyes,-14.3167,-67.3833,63.84,59,34,scattered clouds,BO,2021-08-13 02:56:38
326,Cap Malheureux,-19.9842,57.6142,72.09,84,12,few clouds,MU,2021-08-13 02:56:39
327,Turka,49.1541,23.0297,50.25,83,16,few clouds,UA,2021-08-13 02:56:39
328,Kanbe,16.7053,96.0017,84.25,69,98,very heavy rain,MM,2021-08-13 02:56:39
329,Robertsport,6.7533,-11.3686,76.48,90,100,moderate rain,LR,2021-08-13 02:56:40
330,Nikolsk,53.7189,46.0712,74.05,32,65,broken clouds,RU,2021-08-13 02:56:40
331,Klaksvik,62.2266,-6.589,54.52,94,98,overcast clouds,FO,2021-08-13 02:56:40
332,Nanortalik,60.1432,-45.2371,44.37,83,77,broken clouds,GL,2021-08-13 02:56:41
333,Santa Rosa,14.3122,121.1114,90.09,69,92,overcast clouds,PH,2021-08-13 02:56:41
334,Mitsamiouli,-11.3847,43.2844,75.85,74,1,clear sky,KM,2021-08-13 02:56:41
335,Talakan,50.3167,130.3667,77.58,51,0,clear sky,RU,2021-08-13 02:56:42
336,Westport,41.1415,-73.3579,83.08,79,2,clear sky,US,2021-08-13 02:55:44
337,Svetlaya,46.5389,138.3297,66.33,63,0,clear sky,RU,2021-08-13 02:56:42
338,San Matias,-16.3667,-58.4,66.96,56,50,scattered clouds,BO,2021-08-13 02:56:43
339,Iquique,-20.2208,-70.1431,60.84,80,37,scattered clouds,CL,2021-08-13 02:52:12
340,Houma,29.5958,-90.7195,78.01,96,100,overcast clouds,US,2021-08-13 02:56:43
341,Nanlong,31.3533,106.0631,78.42,75,99,overcast clouds,CN,2021-08-13 02:56:44
342,Stornoway,58.2093,-6.3865,55.36,94,40,scattered clouds,GB,2021-08-13 02:56:44
343,Springfield,37.2153,-93.2982,80.62,83,75,light rain,US,2021-08-13 02:54:54
344,Torbay,47.6666,-52.7314,59.58,85,90,overcast clouds,CA,2021-08-13 02:56:45
345,Acajutla,13.5928,-89.8275,81.81,83,57,broken clouds,SV,2021-08-13 02:56:45
346,Lompoc,34.6391,-120.4579,75.78,89,75,mist,US,2021-08-13 02:56:45
347,Havre-Saint-Pierre,50.2334,-63.5986,64.76,100,90,overcast clouds,CA,2021-08-13 02:54:09
348,Marsabit,2.3284,37.9899,59.5,71,36,scattered clouds,KE,2021-08-13 02:56:46
349,Northam,51.0333,-4.2167,61.66,93,100,overcast clouds,GB,2021-08-13 02:56:46
350,Te Anau,-45.4167,167.7167,49.21,76,57,broken clouds,NZ,2021-08-13 02:56:46
351,San Cristobal,7.7669,-72.225,73.58,97,90,overcast clouds,VE,2021-08-13 02:56:47
352,Sembe,1.6481,14.5806,68.59,97,74,broken clouds,CG,2021-08-13 02:56:47
353,Willmar,45.1219,-95.0433,66.15,59,1,clear sky,US,2021-08-13 02:53:59
354,Kropotkin,45.4375,40.5756,68.4,95,97,overcast clouds,RU,2021-08-13 02:56:48
355,Sur,22.5667,59.5289,86.74,65,94,overcast clouds,OM,2021-08-13 02:56:48
356,Arlit,18.7369,7.3853,82.08,56,43,scattered clouds,NE,2021-08-13 02:56:48
357,Baksheyevo,55.7086,39.8767,60.55,95,100,light rain,RU,2021-08-13 02:56:49
358,Pimampiro,0.4,-77.9667,57.58,86,83,broken clouds,EC,2021-08-13 02:56:49
359,Cotoca,-17.8167,-63.05,64.26,42,52,broken clouds,BO,2021-08-13 02:56:49
360,Fort-Shevchenko,44.5086,50.263,85.44,44,4,clear sky,KZ,2021-08-13 02:56:50
361,Alenquer,-1.9417,-54.7383,77.34,91,100,overcast clouds,BR,2021-08-13 02:56:50
362,Husavik,66.0449,-17.3389,49.91,92,18,few clouds,IS,2021-08-13 02:56:51
363,Fereydunshahr,32.941,50.121,65.35,24,86,overcast clouds,IR,2021-08-13 02:56:51
364,Neryungri,56.6709,124.6491,71.83,45,10,clear sky,RU,2021-08-13 02:56:51
365,Rusape,-18.5278,32.1284,49.71,67,0,clear sky,ZW,2021-08-13 02:56:52
366,Tabas,33.5959,56.9244,89.51,11,0,clear sky,IR,2021-08-13 02:56:52
367,Solnechnyy,50.7214,136.6319,73.92,49,90,overcast clouds,RU,2021-08-13 02:56:52
368,Basco,20.4487,121.9702,81.46,78,99,overcast clouds,PH,2021-08-13 02:56:53
369,Samarai,-10.6167,150.6667,78.73,86,99,moderate rain,PG,2021-08-13 02:56:53
370,Zhanaozen,43.3,52.8,79.16,40,14,few clouds,KZ,2021-08-13 02:56:54
371,Pimentel,-6.8367,-79.9342,64.0,84,55,broken clouds,PE,2021-08-13 02:56:54
372,Pokhara,28.2333,83.9833,75.96,91,95,overcast clouds,NP,2021-08-13 02:56:54
373,Athabasca,54.7169,-113.2854,69.62,48,76,broken clouds,CA,2021-08-13 02:53:45
374,Sitka,57.0531,-135.33,62.49,88,90,light rain,US,2021-08-13 02:56:55
375,Sobolevo,54.4299,31.8996,54.9,95,100,overcast clouds,RU,2021-08-13 02:56:55
376,Ayan,56.45,138.1667,67.68,63,99,overcast clouds,RU,2021-08-13 02:56:56
377,Kirakira,-10.4544,161.9205,78.69,88,99,overcast clouds,SB,2021-08-13 02:56:56
378,Araguacu,-12.9306,-49.8264,79.99,26,67,broken clouds,BR,2021-08-13 02:56:56
379,Kolpashevo,58.3131,82.9089,52.29,73,97,overcast clouds,RU,2021-08-13 02:56:57
380,Ariquemes,-9.9133,-63.0408,75.38,46,4,clear sky,BR,2021-08-13 02:56:57
381,Ankang,32.68,109.0172,71.65,93,100,light rain,CN,2021-08-13 02:56:58
382,Macusani,-14.0833,-70.4333,36.63,79,25,scattered clouds,PE,2021-08-13 02:56:58
383,Dicabisagan,17.0818,122.4157,88.45,63,99,overcast clouds,PH,2021-08-13 02:56:58
384,Vestmannaeyjar,63.4427,-20.2734,53.89,85,100,overcast clouds,IS,2021-08-13 02:55:54
385,Quatre Cocos,-20.2078,57.7625,71.71,81,34,scattered clouds,MU,2021-08-13 02:56:59
386,Datong,40.0936,113.2914,79.3,41,5,clear sky,CN,2021-08-13 02:56:59
387,Goundam,16.4145,-3.6708,86.79,52,100,overcast clouds,ML,2021-08-13 02:57:00
388,Jalu,29.0331,21.5482,83.05,49,0,clear sky,LY,2021-08-13 02:57:00
389,Broken Hill,-31.95,141.4333,60.51,44,2,clear sky,AU,2021-08-13 02:57:00
390,Sao Gabriel Da Cachoeira,-0.1303,-67.0892,72.93,99,100,overcast clouds,BR,2021-08-13 02:53:15
391,Moose Factory,51.2585,-80.6094,66.2,55,1,clear sky,CA,2021-08-13 02:57:01
392,Bertoua,4.5833,13.6833,66.16,97,98,overcast clouds,CM,2021-08-13 02:57:01
393,Trairi,-3.2778,-39.2689,78.39,81,6,clear sky,BR,2021-08-13 02:52:31
394,Conde,-7.2597,-34.9075,71.06,94,20,few clouds,BR,2021-08-13 02:57:02
395,Diamantino,-14.4086,-56.4461,66.43,58,10,clear sky,BR,2021-08-13 02:57:02
396,Mehamn,71.0357,27.8492,52.03,88,100,overcast clouds,NO,2021-08-13 02:57:02
397,Nizwa,22.9333,57.5333,91.0,35,90,overcast clouds,OM,2021-08-13 02:57:03
398,Chaman,30.9236,66.4512,86.32,6,1,clear sky,PK,2021-08-13 02:57:03
399,Watsa,3.0372,29.5355,61.83,99,22,few clouds,CD,2021-08-13 02:57:04
400,Zhezkazgan,47.8043,67.7144,62.04,64,77,broken clouds,KZ,2021-08-13 02:57:04
401,Bachaquero,9.9694,-71.1494,80.2,82,31,scattered clouds,VE,2021-08-13 02:57:04
402,Yelizovo,53.1873,158.3805,68.14,56,20,few clouds,RU,2021-08-13 02:57:05
403,Ipixuna,-1.7625,-48.8043,75.15,96,100,overcast clouds,BR,2021-08-13 02:57:05
404,Verkhoyansk,67.5447,133.385,71.8,38,95,overcast clouds,RU,2021-08-13 02:57:06
405,Mgandu,-5.95,34.1333,57.45,71,8,clear sky,TZ,2021-08-13 02:57:06
406,Zeya,53.75,127.2667,76.19,54,13,few clouds,RU,2021-08-13 02:57:06
407,Rudnogorsk,57.2639,103.7519,72.55,54,92,overcast clouds,RU,2021-08-13 02:57:07
408,Airai,-8.9266,125.4092,74.07,49,51,broken clouds,TL,2021-08-13 02:57:07
409,Opuwo,-18.0607,13.84,57.22,46,0,clear sky,NA,2021-08-13 02:57:07
410,Lasem,-6.6922,111.4527,87.13,57,33,scattered clouds,ID,2021-08-13 02:57:08
411,Mwinilunga,-11.7358,24.4293,55.6,33,0,clear sky,ZM,2021-08-13 02:57:08
412,Taoudenni,22.6783,-3.9836,98.31,8,0,clear sky,ML,2021-08-13 02:57:09
413,Manoel Urbano,-8.8389,-69.2597,73.49,51,6,clear sky,BR,2021-08-13 02:57:09
414,Moses Lake,47.1301,-119.2781,92.08,15,90,haze,US,2021-08-13 02:57:10
415,Batagay,67.6333,134.6333,69.55,48,98,overcast clouds,RU,2021-08-13 02:57:10
416,Kendari,-3.945,122.4989,80.51,85,88,overcast clouds,ID,2021-08-13 02:57:10
417,Shelburne,44.0787,-80.2041,73.85,73,7,clear sky,CA,2021-08-13 02:57:11
418,Telgte,51.9833,7.7833,63.48,100,0,clear sky,DE,2021-08-13 02:57:11
419,Avera,33.194,-82.5271,80.74,61,1,clear sky,US,2021-08-13 02:57:11
420,Port Keats,-14.25,129.55,91.13,28,7,clear sky,AU,2021-08-13 02:57:12
421,Hambantota,6.1241,81.1185,80.94,83,20,few clouds,LK,2021-08-13 02:54:46
422,Vallenar,-28.5708,-70.7581,51.22,76,0,clear sky,CL,2021-08-13 02:57:12
423,Kayalpattinam,8.5667,78.1167,84.51,65,75,broken clouds,IN,2021-08-13 02:57:13
424,Sukhobuzimskoye,56.5,93.2728,65.84,66,45,scattered clouds,RU,2021-08-13 02:57:13
425,Gusau,12.1628,6.6614,71.04,96,100,overcast clouds,NG,2021-08-13 02:57:13
426,Bandarbeyla,9.4942,50.8122,75.18,84,78,broken clouds,SO,2021-08-13 02:57:14
427,Quepos,9.4236,-84.1652,80.53,93,100,overcast clouds,CR,2021-08-13 02:57:14
428,Ambilobe,-13.2,49.05,65.03,83,1,clear sky,MG,2021-08-13 02:57:14
429,Murovani Kurylivtsi,48.7235,27.5189,52.47,82,0,clear sky,UA,2021-08-13 02:57:15
430,Rio Gallegos,-51.6226,-69.2181,44.65,65,0,clear sky,AR,2021-08-13 02:57:15
431,Baculin,7.4525,126.5842,85.12,68,63,broken clouds,PH,2021-08-13 02:57:15
432,Aksum,14.1245,38.7244,56.08,85,43,scattered clouds,ET,2021-08-13 02:57:16
433,Nkawkaw,6.5512,-0.7662,68.27,99,74,broken clouds,GH,2021-08-13 02:57:16
434,Kenai,60.5544,-151.2583,65.03,71,8,clear sky,US,2021-08-13 02:57:16
435,Champasak,14.75,106.0,79.68,77,99,overcast clouds,LA,2021-08-13 02:57:17
436,Harsin,34.2721,47.5861,63.41,21,0,clear sky,IR,2021-08-13 02:57:17
437,Belmonte,-15.8631,-38.8828,68.5,81,74,broken clouds,BR,2021-08-13 02:57:18
438,Port Macquarie,-31.4333,152.9167,66.16,58,41,scattered clouds,AU,2021-08-13 02:57:18
439,San Lawrenz,36.0553,14.204,80.85,87,0,clear sky,MT,2021-08-13 02:57:18
440,Bolobo,-2.1667,16.2333,73.74,67,35,scattered clouds,CD,2021-08-13 02:57:19
441,Annau,37.8876,58.516,78.3,27,0,clear sky,TM,2021-08-13 02:57:19
442,Tucurui,-3.7661,-49.6725,76.75,84,100,overcast clouds,BR,2021-08-13 02:57:19
443,Gao,16.6362,1.637,84.74,55,100,overcast clouds,ML,2021-08-13 02:57:20
444,Manggar,-2.8833,108.2667,76.46,91,100,light rain,ID,2021-08-13 02:57:20
445,Poum,-20.2333,164.0167,71.31,64,42,scattered clouds,NC,2021-08-13 02:57:21
446,Tupik,54.4253,119.9327,69.73,51,77,broken clouds,RU,2021-08-13 02:56:18
447,Stoughton,42.1251,-71.1023,79.63,88,41,scattered clouds,US,2021-08-13 02:57:15
448,Mangrol,21.1167,70.1167,81.1,80,100,overcast clouds,IN,2021-08-13 02:57:21
449,Makakilo City,21.3469,-158.0858,80.69,71,6,clear sky,US,2021-08-13 02:57:22
450,Lazaro Cardenas,17.9583,-102.2,79.92,81,100,overcast clouds,MX,2021-08-13 02:57:22
451,Talnakh,69.4865,88.3972,53.04,61,53,broken clouds,RU,2021-08-13 02:57:22
452,Kerrville,30.0474,-99.1403,82.62,69,52,broken clouds,US,2021-08-13 02:57:23
453,Lavrentiya,65.5833,-171.0,44.96,61,70,broken clouds,RU,2021-08-13 02:53:51
454,Gari,59.4307,62.3497,58.57,66,100,overcast clouds,RU,2021-08-13 02:57:23
455,Marapanim,-0.7175,-47.6997,74.35,96,100,moderate rain,BR,2021-08-13 02:57:24
456,Margate,51.3813,1.3862,60.31,90,33,scattered clouds,GB,2021-08-13 02:57:24
457,Leningradskiy,69.3833,178.4167,53.1,54,100,overcast clouds,RU,2021-08-13 02:57:24
458,Kisanga,-7.4362,37.7034,65.01,87,5,clear sky,TZ,2021-08-13 02:57:25
459,Totness,5.8833,-56.3167,77.7,88,100,overcast clouds,SR,2021-08-13 02:57:25
460,Brodokalmak,55.5748,62.082,56.3,55,99,overcast clouds,RU,2021-08-13 02:57:26
461,Ponto Novo,-10.8628,-40.1336,63.86,94,9,clear sky,BR,2021-08-13 02:57:26
462,Ancud,-41.8697,-73.8203,40.53,90,0,clear sky,CL,2021-08-13 02:57:27
463,Marfino,55.7028,37.3822,60.08,94,75,broken clouds,RU,2021-08-13 02:57:27
464,Touros,-5.1989,-35.4608,72.5,81,2,clear sky,BR,2021-08-13 02:57:27
465,Dunedin,-45.8742,170.5036,57.79,46,3,clear sky,NZ,2021-08-13 02:57:28
466,Mandalgovi,45.7625,106.2708,75.45,31,6,clear sky,MN,2021-08-13 02:57:28
467,Aykhal,66.0,111.5,59.68,77,100,overcast clouds,RU,2021-08-13 02:57:28
468,Ust-Koksa,50.2696,85.6108,57.42,90,99,overcast clouds,RU,2021-08-13 02:57:29
469,Batemans Bay,-35.7167,150.1833,66.2,45,0,clear sky,AU,2021-08-13 02:57:29
470,Cayenne,4.9333,-52.3333,78.1,87,0,clear sky,GF,2021-08-13 02:57:29
471,Morehead,37.2711,-87.1764,80.31,90,90,overcast clouds,US,2021-08-13 02:52:47
472,Aleksandrov Gay,50.147,48.5704,77.25,25,10,clear sky,RU,2021-08-13 02:57:30
473,Shenjiamen,29.9576,122.298,78.58,90,99,light rain,CN,2021-08-13 02:57:30
474,Leh,34.1667,77.5833,62.37,42,10,clear sky,IN,2021-08-13 02:57:31
475,Puqi,29.7167,113.8833,76.44,99,100,light rain,CN,2021-08-13 02:57:31
476,Zhigansk,66.7697,123.3711,71.31,39,100,overcast clouds,RU,2021-08-13 02:57:31
477,Ahuimanu,21.4447,-157.8378,81.86,70,9,clear sky,US,2021-08-13 02:57:32
478,Jutai,-5.1833,-68.9,78.73,61,93,overcast clouds,BR,2021-08-13 02:57:32
479,Quarteira,37.0695,-8.1006,74.97,64,0,clear sky,PT,2021-08-13 02:57:32
480,Puerto Escondido,15.85,-97.0667,80.94,79,87,overcast clouds,MX,2021-08-13 02:57:33
481,Raudeberg,61.9875,5.1352,57.87,80,92,overcast clouds,NO,2021-08-13 02:57:33
482,Quang Ngai,15.1167,108.8,95.68,46,98,overcast clouds,VN,2021-08-13 02:57:34
483,Kurchum,48.5722,83.6542,70.23,56,100,light rain,KZ,2021-08-13 02:57:34
484,Bengkulu,-3.8004,102.2655,82.26,65,100,overcast clouds,ID,2021-08-13 02:57:34
485,Port-Gentil,-0.7193,8.7815,76.73,78,46,scattered clouds,GA,2021-08-13 02:57:35
486,Abu Kamal,34.4506,40.9171,87.51,24,0,clear sky,SY,2021-08-13 02:57:35
487,Valparaiso,-33.0393,-71.6273,50.92,81,90,overcast clouds,CL,2021-08-13 02:57:36
488,Port Shepstone,-30.7414,30.455,58.28,65,100,light rain,ZA,2021-08-13 02:57:36
489,Kirtipur,27.6667,85.2833,75.13,88,75,broken clouds,NP,2021-08-13 02:57:36
490,Dasoguz,41.8363,59.9666,71.71,49,0,clear sky,TM,2021-08-13 02:57:37
491,Ixtapa,20.7,-105.2,79.23,89,65,broken clouds,MX,2021-08-13 02:57:37
492,Ojinaga,29.5667,-104.4167,81.57,50,75,broken clouds,MX,2021-08-13 02:57:37
493,Constitucion,-35.3333,-72.4167,46.54,88,0,clear sky,CL,2021-08-13 02:57:38
494,Santa Catalina,9.3337,122.8637,86.9,65,74,broken clouds,PH,2021-08-13 02:57:38
495,Roald,62.5833,6.1333,61.9,88,40,scattered clouds,NO,2021-08-13 02:57:38
496,Hurghada,27.2574,33.8129,86.04,28,0,clear sky,EG,2021-08-13 02:53:04
497,Bhadasar,28.2833,74.3167,88.39,50,100,overcast clouds,IN,2021-08-13 02:57:39
498,Sovetskiy,61.3614,63.5842,59.85,62,99,overcast clouds,RU,2021-08-13 02:57:39
499,Morayfield,-27.1167,152.95,78.39,58,14,few clouds,AU,2021-08-13 02:57:40
500,Hanzhong,33.0728,107.0303,76.69,81,84,broken clouds,CN,2021-08-13 02:57:40
501,Kinel-Cherkassy,53.4706,51.4743,65.66,37,0,clear sky,RU,2021-08-13 02:57:41
502,Fukue,32.6881,128.8419,79.16,100,75,heavy intensity shower rain,JP,2021-08-13 02:57:41
503,Presidencia Roque Saenz Pena,-26.7852,-60.4388,44.13,56,8,clear sky,AR,2021-08-13 02:57:41
504,Babu,24.4167,111.5167,87.42,72,95,overcast clouds,CN,2021-08-13 02:57:42
505,Sakhipur,24.3,90.1833,80.47,77,100,overcast clouds,BD,2021-08-13 02:57:42
506,Shu,43.5983,73.7614,74.23,29,0,clear sky,KZ,2021-08-13 02:57:43
507,Oneida,43.2001,-75.4663,75.97,91,79,broken clouds,US,2021-08-13 02:57:43
508,Hosur,12.7167,77.8167,71.51,82,100,overcast clouds,IN,2021-08-13 02:57:43
509,Sorland,67.667,12.6934,55.18,83,100,overcast clouds,NO,2021-08-13 02:57:44
510,Narsaq,60.9167,-46.05,46.27,77,78,broken clouds,GL,2021-08-13 02:57:44
511,Kasongo-Lunda,-6.4667,16.8167,68.88,74,0,clear sky,CD,2021-08-13 02:57:44
512,Nantucket,41.2835,-70.0995,79.97,93,27,scattered clouds,US,2021-08-13 02:57:45
513,Saint-Augustin,51.226,-58.6502,61.75,97,99,overcast clouds,CA,2021-08-13 02:57:45
514,Sonoita,31.85,-112.8333,85.53,44,50,scattered clouds,MX,2021-08-13 02:57:45
515,Tommot,58.9564,126.2925,79.34,48,34,scattered clouds,RU,2021-08-13 02:57:46
516,Vao,-22.6667,167.4833,67.84,66,92,overcast clouds,NC,2021-08-13 02:57:46
517,Bokoro,12.3807,17.0568,73.99,93,100,overcast clouds,TD,2021-08-13 02:57:46
518,Muisne,0.6,-80.0333,74.23,83,100,overcast clouds,EC,2021-08-13 02:57:47
519,Howard Springs,-12.497,131.047,90.82,34,15,few clouds,AU,2021-08-13 02:57:47
520,Otradnoye,59.7775,30.8181,64.45,93,100,light rain,RU,2021-08-13 02:57:48
521,Tiznit,29.5833,-9.5,73.58,61,0,clear sky,MA,2021-08-13 02:57:48
522,Orlik,52.5178,99.825,57.13,85,100,overcast clouds,RU,2021-08-13 02:57:48
523,Taos,36.4072,-105.5731,69.73,53,96,overcast clouds,US,2021-08-13 02:57:49
524,Gat,31.61,34.7642,78.4,75,0,clear sky,IL,2021-08-13 02:57:49
525,Oyem,1.5995,11.5793,65.5,99,91,overcast clouds,GA,2021-08-13 02:57:49
526,Badiraguato,25.3667,-107.5167,79.7,94,99,overcast clouds,MX,2021-08-13 02:57:50
527,La Ronge,55.1001,-105.2842,57.45,51,20,few clouds,CA,2021-08-13 02:57:50
528,Rocha,-34.4833,-54.3333,38.84,93,0,clear sky,UY,2021-08-13 02:57:50
529,Salalah,17.0151,54.0924,75.6,91,100,overcast clouds,OM,2021-08-13 02:57:51
530,Del Rio,29.3627,-100.8968,88.43,35,0,clear sky,US,2021-08-13 02:57:51
531,Zhongshu,24.5167,103.7667,71.02,84,100,overcast clouds,CN,2021-08-13 02:57:52
532,Elizabeth City,36.2946,-76.2511,86.02,85,0,clear sky,US,2021-08-13 02:57:52
533,Muzhi,65.3667,64.6667,59.67,89,100,overcast clouds,RU,2021-08-13 02:57:52
534,Key Largo,25.0865,-80.4473,79.0,71,8,clear sky,US,2021-08-13 02:53:10
535,Tuyen Quang,21.8233,105.2181,90.88,60,98,overcast clouds,VN,2021-08-13 02:57:53
536,Peachland,49.7665,-119.7357,88.99,37,0,clear sky,CA,2021-08-13 02:57:53
537,Helong,42.5397,128.9972,66.67,93,88,overcast clouds,CN,2021-08-13 02:57:53
538,Amarpur,25.0333,86.9,86.4,73,93,overcast clouds,IN,2021-08-13 02:57:54
539,Choya,52.0108,86.5467,68.65,67,100,overcast clouds,RU,2021-08-13 02:57:54
540,Kashan,33.9831,51.4364,87.73,14,4,clear sky,IR,2021-08-13 02:57:54
541,Honiara,-9.4333,159.95,79.48,87,99,overcast clouds,SB,2021-08-13 02:57:55
542,Adrar,20.5022,-10.0711,90.23,13,67,broken clouds,MR,2021-08-13 02:57:55
543,New Ulm,44.3125,-94.4605,64.72,62,1,clear sky,US,2021-08-13 02:57:55
544,Maldonado,-34.6667,-54.9167,42.19,93,0,clear sky,UY,2021-08-13 02:57:56
545,Tshikapa,-6.4167,20.8,72.16,64,0,clear sky,CD,2021-08-13 02:57:56
546,Karwar,14.8,74.1333,79.48,80,92,light rain,IN,2021-08-13 02:57:57
547,Peniche,39.3558,-9.3811,67.48,96,12,few clouds,PT,2021-08-13 02:57:57
548,Otane,-39.8833,176.6333,63.01,58,84,broken clouds,NZ,2021-08-13 02:57:57
549,Chunoyar,57.4467,97.3217,71.55,71,86,light rain,RU,2021-08-13 02:57:58
550,Letlhakane,-21.4167,25.5833,57.33,37,0,clear sky,BW,2021-08-13 02:57:58
551,Uaua,-9.8414,-39.4817,66.38,86,6,clear sky,BR,2021-08-13 02:53:10
552,Olinda,-8.0089,-34.8553,73.13,88,75,broken clouds,BR,2021-08-13 02:57:58
553,Axim,4.8699,-2.2405,75.43,84,79,broken clouds,GH,2021-08-13 02:57:59
554,Vardo,70.3705,31.1107,52.0,91,100,overcast clouds,NO,2021-08-13 02:57:59
555,Petrovskoye,57.0104,39.2693,57.87,93,100,light rain,RU,2021-08-13 02:58:00
556,Mayor Pablo Lagerenza,-19.9309,-60.7718,57.96,45,100,overcast clouds,PY,2021-08-13 02:58:00
557,Kragujevac,44.0167,20.9167,57.49,60,2,clear sky,RS,2021-08-13 02:58:00
558,Itamarandiba,-17.8572,-42.8589,55.92,68,5,clear sky,BR,2021-08-13 02:58:01
559,Caravelas,-17.7125,-39.2481,68.88,90,14,few clouds,BR,2021-08-13 02:58:01
560,Cabuyaro,4.2817,-72.794,74.08,95,100,overcast clouds,CO,2021-08-13 02:58:01
561,Clyde River,70.4692,-68.5914,37.63,100,90,light rain,CA,2021-08-13 02:58:02
562,Undory,54.6085,48.3928,70.84,45,7,clear sky,RU,2021-08-13 02:58:02
563,Ghanzi,-21.5667,21.7833,47.75,51,4,clear sky,BW,2021-08-13 02:55:06
564,Arman,59.7,150.1667,59.63,79,45,scattered clouds,RU,2021-08-13 02:58:02
565,Puerto Lempira,15.2667,-83.7667,78.8,83,95,overcast clouds,HN,2021-08-13 02:58:03
566,Puquio,-14.7,-74.1333,47.66,54,4,clear sky,PE,2021-08-13 02:58:03
567,Sompeta,18.9333,84.6,87.75,67,100,overcast clouds,IN,2021-08-13 02:58:04
568,Aguimes,27.9054,-15.4461,68.63,68,20,few clouds,ES,2021-08-13 02:58:04
569,Naron,43.5167,-8.1528,65.01,93,7,clear sky,ES,2021-08-13 02:58:04
570,Karpogory,64.0019,44.4451,59.85,97,100,overcast clouds,RU,2021-08-13 02:58:05
571,Mielec,50.2871,21.4239,59.0,74,72,broken clouds,PL,2021-08-13 02:58:05
572,Potsdam,52.3989,13.0657,65.17,86,75,broken clouds,DE,2021-08-13 02:58:05
573,Mortka,59.3322,66.0214,61.45,64,98,overcast clouds,RU,2021-08-13 02:58:06
574,Kurkino,53.4257,38.6582,62.06,76,100,overcast clouds,RU,2021-08-13 02:58:06
575,Den Helder,52.9599,4.7593,61.99,94,11,few clouds,NL,2021-08-13 02:58:06
576,Kaeo,-35.1,173.7833,60.33,87,99,overcast clouds,NZ,2021-08-13 02:58:07
577,Grand Gaube,-20.0064,57.6608,72.0,84,11,few clouds,MU,2021-08-13 02:55:09
578,Kieta,-6.2167,155.6333,83.53,71,61,light rain,PG,2021-08-13 02:58:08
579,Nome,64.5011,-165.4064,53.17,65,97,overcast clouds,US,2021-08-13 02:56:51
580,Oistins,13.0667,-59.5333,78.89,89,40,scattered clouds,BB,2021-08-13 02:58:08
581,Katsuura,35.1333,140.3,77.02,85,100,light rain,JP,2021-08-13 02:58:08
582,Yatou,37.15,122.3833,78.06,69,100,light rain,CN,2021-08-13 02:58:09
583,Opelousas,30.5335,-92.0815,78.62,78,1,clear sky,US,2021-08-13 02:58:09
584,Evensk,61.95,159.2333,52.92,84,89,overcast clouds,RU,2021-08-13 02:58:09
585,Florianopolis,-27.6146,-48.5012,56.43,55,75,moderate rain,BR,2021-08-13 02:58:10
586,Kushima,31.4583,131.2333,79.43,97,100,moderate rain,JP,2021-08-13 02:58:10
587,Mustafakemalpasa,40.0353,28.4117,63.37,86,0,clear sky,TR,2021-08-13 02:58:11
588,Hawkesbury,45.6001,-74.616,78.55,93,40,scattered clouds,CA,2021-08-13 02:54:20
589,Mayo,38.8876,-76.5119,87.57,87,83,broken clouds,US,2021-08-13 02:58:11
590,Montalto Uffugo,39.4048,16.158,70.21,71,0,clear sky,IT,2021-08-13 02:58:12
591,College,64.8569,-147.8028,56.28,91,100,light rain,US,2021-08-13 02:58:12
592,Kargat,55.1956,80.2811,54.12,75,13,few clouds,RU,2021-08-13 02:58:12
593,Soyo,-6.1349,12.3689,71.62,92,90,overcast clouds,AO,2021-08-13 02:58:13
594,Havelock,34.8791,-76.9013,83.95,87,9,clear sky,US,2021-08-13 02:58:13
595,Pevek,69.7008,170.3133,39.92,100,100,moderate rain,RU,2021-08-13 02:58:14
596,Nemuro,43.3236,145.575,64.83,70,34,scattered clouds,JP,2021-08-13 02:58:14
597,Shache,38.4167,77.2406,84.09,24,0,clear sky,CN,2021-08-13 02:58:14
598,Marawi,7.9986,124.2928,75.65,72,76,broken clouds,PH,2021-08-13 02:58:15
599,Moyale,3.5167,39.0584,63.19,65,66,broken clouds,KE,2021-08-13 02:58:15
600,Ola,59.5833,151.2833,56.71,84,66,broken clouds,RU,2021-08-13 02:58:15
601,Tahta,26.7693,31.5021,79.12,26,0,clear sky,EG,2021-08-13 02:58:16
602,Pontianak,-0.0333,109.3333,82.38,83,75,broken clouds,ID,2021-08-13 02:58:16
603,Codrington,-38.2667,141.9667,57.74,65,7,clear sky,AU,2021-08-13 02:58:16
604,Mayna,54.1135,47.6231,71.51,31,85,overcast clouds,RU,2021-08-13 02:58:17
605,Susuman,62.7833,148.1667,76.17,37,91,overcast clouds,RU,2021-08-13 02:58:17
606,Rundu,-17.9333,19.7667,56.1,27,0,clear sky,NA,2021-08-13 02:58:17
607,Bani Walid,31.7566,13.9942,77.09,67,0,clear sky,LY,2021-08-13 02:53:48
608,La Solana,38.9442,-3.2381,83.43,28,0,clear sky,ES,2021-08-13 02:58:18
609,Horizontina,-27.6258,-54.3078,47.39,73,99,overcast clouds,BR,2021-08-13 02:58:18
610,Okha,53.5739,142.9478,71.73,56,71,broken clouds,RU,2021-08-13 02:58:19
611,San Isidro,-12.1167,-77.05,63.01,89,90,overcast clouds,PE,2021-08-13 02:58:19
612,Safaga,26.7292,33.9365,85.95,38,0,clear sky,EG,2021-08-13 02:58:20
613,Sfantu Gheorghe,45.8667,25.7833,55.81,90,58,broken clouds,RO,2021-08-13 02:58:20
614,Muroto,33.2833,134.15,78.84,94,100,light rain,JP,2021-08-13 02:58:20
615,Vilyuysk,63.7553,121.6247,79.02,36,41,scattered clouds,RU,2021-08-13 02:58:21
616,Fairview,40.8126,-73.999,87.42,69,40,scattered clouds,US,2021-08-13 02:58:21
617,Hanko,59.8333,22.95,61.84,81,100,overcast clouds,FI,2021-08-13 02:58:21
618,Deputatskiy,69.3,139.9,61.05,55,99,overcast clouds,RU,2021-08-13 02:58:22
619,Cerinza,5.9557,-72.9478,51.46,93,98,overcast clouds,CO,2021-08-13 02:58:22
620,Hirtshals,57.5881,9.9592,58.86,93,100,overcast clouds,DK,2021-08-13 02:58:22
621,Abu Samrah,35.3029,37.1841,75.87,62,0,clear sky,SY,2021-08-13 02:58:23
622,Fort Nelson,58.8053,-122.7002,74.79,60,75,broken clouds,CA,2021-08-13 02:58:23
623,Kapchorwa,1.3965,34.4509,55.8,77,57,broken clouds,UG,2021-08-13 02:58:24
624,Agua Prieta,31.3,-109.5667,75.65,57,42,scattered clouds,MX,2021-08-13 02:58:24
625,Pandan,14.0453,124.1694,86.56,66,50,scattered clouds,PH,2021-08-13 02:58:24
626,Chadiza,-14.0678,32.4392,56.19,59,1,clear sky,ZM,2021-08-13 02:58:25
627,Los Llanos De Aridane,28.6585,-17.9182,69.55,78,40,scattered clouds,ES,2021-08-13 02:58:25
628,Dayong,25.0209,118.2898,89.28,76,95,overcast clouds,CN,2021-08-13 02:58:25
629,Alcaniz,41.05,-0.1333,84.09,62,1,clear sky,ES,2021-08-13 02:58:26
630,Tautira,-17.7333,-149.15,82.42,78,22,light rain,PF,2021-08-13 02:58:26
631,Austin,30.2672,-97.7431,87.84,68,55,broken clouds,US,2021-08-13 02:57:06
632,Kiama,-34.6833,150.8667,68.25,43,0,clear sky,AU,2021-08-13 02:58:27
633,Tilichiki,60.4667,166.1,63.57,62,20,few clouds,RU,2021-08-13 02:58:27
634,Chake Chake,-5.2459,39.7666,72.28,86,60,light rain,TZ,2021-08-13 02:58:27
635,Qaqortoq,60.7167,-46.0333,43.3,85,72,broken clouds,GL,2021-08-13 02:58:28
636,Umm Lajj,25.0213,37.2685,87.33,49,0,clear sky,SA,2021-08-13 02:58:28
637,Gornopravdinsk,60.05,69.9,61.14,63,93,overcast clouds,RU,2021-08-13 02:58:28
638,Riohacha,11.5444,-72.9072,80.85,77,94,overcast clouds,CO,2021-08-13 02:58:29
639,Paamiut,61.994,-49.6678,44.2,82,65,broken clouds,GL,2021-08-13 02:58:29
640,Kabwe,-14.4469,28.4464,54.41,53,0,clear sky,ZM,2021-08-13 02:58:29
641,Varenikovskaya,45.1209,37.6417,68.32,97,100,overcast clouds,RU,2021-08-13 02:58:30
642,Payo,-3.7508,103.6372,87.01,45,99,overcast clouds,ID,2021-08-13 02:55:33
643,La Tuque,47.4334,-72.7824,71.85,94,32,scattered clouds,CA,2021-08-13 02:53:48
644,Hearst,49.6835,-83.6665,62.85,60,93,overcast clouds,CA,2021-08-13 02:58:30
645,Timiryazevskiy,56.49,84.8769,53.1,94,100,overcast clouds,RU,2021-08-13 02:58:31
646,Cottbus,51.7667,14.3333,61.02,70,95,overcast clouds,DE,2021-08-13 02:58:31
647,Bubaque,11.2833,-15.8333,79.74,78,91,overcast clouds,GW,2021-08-13 02:58:31
648,Galeana,24.8333,-100.0667,65.32,65,9,clear sky,MX,2021-08-13 02:58:32
649,Kijang,35.2442,129.2139,83.93,70,100,moderate rain,KR,2021-08-13 02:58:32
650,Armidale,-30.5167,151.65,58.8,64,31,scattered clouds,AU,2021-08-13 02:58:32
651,Henties Bay,-22.116,14.2845,52.05,91,13,few clouds,NA,2021-08-13 02:58:33
652,Nynashamn,58.9034,17.9479,57.11,81,23,few clouds,SE,2021-08-13 02:58:33
653,Xinglongshan,43.9561,125.4661,65.95,94,90,overcast clouds,CN,2021-08-13 02:58:34
654,Severnyy,50.677,36.5532,60.84,82,0,clear sky,RU,2021-08-13 02:58:34
655,Whitehorse,60.7161,-135.0538,63.37,67,90,light intensity shower rain,CA,2021-08-13 02:58:35
656,Padang,-0.9492,100.3543,82.45,67,41,scattered clouds,ID,2021-08-13 02:58:35
657,Manono,-7.3,27.4167,70.14,37,3,clear sky,CD,2021-08-13 02:58:35
658,Usagara,-2.6833,33.0,62.82,76,56,broken clouds,TZ,2021-08-13 02:58:36
659,Chalus,36.655,51.4204,78.26,89,40,scattered clouds,IR,2021-08-13 02:58:36
660,Ambon,-3.6954,128.1814,82.54,89,40,scattered clouds,ID,2021-08-13 02:58:36
661,Wanning,18.8003,110.3967,86.47,70,100,overcast clouds,CN,2021-08-13 02:58:37
662,Chumikan,54.7183,135.315,76.3,52,43,scattered clouds,RU,2021-08-13 02:58:37
663,Juegang,32.3174,121.1855,80.08,82,100,overcast clouds,CN,2021-08-13 02:58:37
664,Ales,44.1333,4.0833,71.64,72,77,broken clouds,FR,2021-08-13 02:58:38
665,Kabarnet,0.4919,35.743,52.5,86,40,scattered clouds,KE,2021-08-13 02:58:38
666,Hereford,52.0568,-2.7148,61.02,68,96,overcast clouds,GB,2021-08-13 02:57:22
667,Parana,-31.732,-60.5238,49.57,79,47,scattered clouds,AR,2021-08-13 02:58:39
668,Nioro,13.35,-15.75,75.87,86,86,overcast clouds,GM,2021-08-13 02:58:39
669,Kutum,14.2,24.6667,73.29,72,45,scattered clouds,SD,2021-08-13 02:58:39
670,Port Moresby,-9.4431,147.1797,81.68,75,98,overcast clouds,PG,2021-08-13 02:58:40
671,Ondjiva,-17.0667,15.7333,56.73,28,0,clear sky,AO,2021-08-13 02:58:40
672,Roebourne,-20.7833,117.1333,77.76,22,0,clear sky,AU,2021-08-13 02:58:41
673,Weihe,32.9952,105.3247,78.89,54,17,few clouds,CN,2021-08-13 02:58:41
